{
    "rmse": 0.2912899921158506,
    "mae": 0.4373303934416162,
    "r2": 0.7066724268999615
}